Type;SKU;Name;Published;Is featured?;Visibility in catalog;Short description;Description;Tax status;In stock?;Stock;Regular price;Categories;ImagessSimple;1S01C00669;BANDO KAYIŞ S19-001 50CC SCOOTER;1;1;visible;50CC Scooter uyumlu kayış;Bando marka 50cc scooter uyumlu kayış;Taxable;1;15;420;Uncategorized;s19-001-1.jpg,s19-001-2.jpg,s19-001-3.jpg,s19-001-4.jpg
Simple;1S01C00669;BANDO KAYIŞ S19-002 HONDA ACTIVA;1;1;visible;Honda activa uyumlu kayış;Bando marka Activa ve Spacy alpha uyumlu kayış;Taxable;1;15;560;Uncategorized;s19-002-1.jpg,s19-002-2.jpg,s19-002-3.jpg,s19-002-4.jpg
Simple;1S01C00669;BANDO KAYIŞ S19-009 HONDA PCX;1;1;visible;Honda PCX uyumlu kayış;Bando marka pcx uyumlu kayış;Taxable;1;15;750;Uncategorized;s19-009-1.jpg,s19-009-2.jpg,s19-009-3.jpg,s19-009-4.jpg
Simple;1S01C00669;BANDO KAYIŞ S19-018 150CC SCOOTER;1;1;visible;150CC Scooter uyumlu kayış;Bando marka 150cc uyumlu kayış;Taxable;1;15;620;Uncategorized;s19-018-1.jpg,s19-018-2.jpg,s19-018-3.jpg,s19-018-4.jpg
Simple;1S01C00669;BANDO KAYIŞ S19-029 HONDA SPACY 110;1;1;visible;Honda Spacy 110 uyumlu kayış;Bando marka honda spacy uyumlu kayış;Taxable;1;15;580;Uncategorized;s19-029-1.jpg,s19-029-2.jpg,s19-029-3.jpg,s19-029-4.jpg
Simple;1S01C00669;BANDO KAYIŞ S19-032 125CC SCOOTER;1;1;visible;125CC Scooter uyumlu kayış;Bando marka 125cc uyumlu kayış;Taxable;1;15;640;Uncategorized;s19-032-1.jpg,s19-032-2.jpg,s19-032-3.jpg,s19-032-4.jpg
Simple;1S01C00669;BANDO KAYIŞ S19-057 MONDİAL TAB 50;1;1;visible;Mondial tab 50  uyumlu kayış;Bando marka mondial tab 50 uyumlu kayış;Taxable;1;15;470;Uncategorized;s19-057-1.jpg,s19-057-2.jpg,s19-057-3.jpg,s19-057-4.jpg
Simple;1S01C00669;BANDO KAYIŞ S19-080 HONDA ACTIVA S;1;1;visible;Honda Activa S uyumlu kayış;Bando marka honda Activa s uyumlu kayış;Taxable;1;15;700;Uncategorized;s19-080-1.jpg,s19-080-2.jpg,s19-080-3.jpg,s19-080-4.jpg
Simple;1S01C00669;BANDO KAYIŞ Ha4S002 HONDA SPACY ACTIVA BEAT JUPITER WEGO RKS SPONTINI;1;1;visible;Honda Spacy Activa beat jupiter wego rks spontini uyumlu kayış ;Bando marka Honda Spacy Activa beat jupiter wego rks spontini uyumlu kayış ;Taxable;1;15;1100;Uncategorized;spacy-activa-beat-jupiter-wego-rks-spontini-1.jpg,spacy-activa-beat-jupiter-wego-rks-spontini-2.jpg,spacy-activa-beat-jupiter-wego-rks-spontini-3.jpg,spacy-activa-beat-jupiter-wego-rks-spontini-4.jpg
Simple;1S01C00669;50CC ARKA VARYAÖR KOMPLE;1;1;visible;DELTAFORCE 50CC ARKA VARYAÖR KOMPLE;DELTAFORCE 50CC ARKA VARYAÖR KOMPLE;Taxable;1;15;1200;Uncategorized;varyatör-komple-arka-50cc-1.jpg,varyatör-komple-arka-50cc-2.jpg,varyatör-komple-arka-50cc-3.jpg,varyatör-komple-arka-50cc-4.jpg
Simple;1S01C00669;FİZY 125 ARKA VARYAÖR KOMPLE;1;1;visible;Fizy 125 iÃ§in arka varyatör;FİZY 125 ARKA VARYAÖR KOMPLE;Taxable;1;15;1600;Uncategorized;varyatör-komple-arka-fizy-125-1.jpg,varyatör-komple-arka-fizy-125-2.jpg,varyatör-komple-arka-fizy-125-3.jpg,varyatör-komple-arka-fizy-125-4.jpg
Simple;1S01C00669;SPACY 110 ARKA VARYAÖR KOMPLE;1;1;visible;Spacy 110 iÃ§in arka varyatör;SPACY 110 ARKA VARYAÖR KOMPLE;Taxable;1;15;1500;Uncategorized;varyatör-komple-arka-spacy-110-1.jpg,varyatör-komple-arka-spacy-110-2.jpg,varyatör-komple-arka-spacy-110-3.jpg,varyatör-komple-arka-spacy-110-4.jpg
Simple;;ÖN VARYATÖR KOMPLE BD10152;1;1;visible;Uyumlu modeller : MT ZN RT KV RR RE RF AT ZC HS RS UPM 110URT ZNX LYL MSH RT-A 100RT NT HSK-X BS15;Uyumlu modeller : MT ZN RT KV RR RE RF AT ZC HS RS UPM 110URT ZNX LYL MSH RT-A 100RT NT HSK-X BS15;Taxable;1;15;;Uncategorized;20250513_195616.jpg,20250513_195659.jpg,20250513_195725.jpg,20250513_195749.jpg
Simple;;ÖN VARYATÖR KOMPLE FURY 110;1;1;visible;Uyumlu modeller : Fury 110;Uyumlu modeller : Fury 110;Taxable;1;15;;Uncategorized;20250513_200501.jpg,20250513_200513.jpg,20250513_200556.jpg
Simple;;ÖN VARYATÖR KOMPLE FİZY 125;1;1;visible;Uyumlu modeller : Fizy 125;Uyumlu modeller : Fizy 125;Taxable;1;15;700;Uncategorized;20250513_200941.jpg,20250513_200950.jpg
Simple;;ÖN VARYATÖR KOMPLE SPACY ALPHA;1;1;visible;Uyumlu modeller : Spacy Alpha;Uyumlu modeller : Spacy Alpha;Taxable;1;15;;Uncategorized;20250513_201234.jpg,20250513_201323.jpg,20250513_201407.jpg
Simple;;ÖN VARYATÖR KOMPLE 50CC SCOOTER;1;1;visible;Uyumlu modeller : 50CC Scooter;Uyumlu modeller : 50CC Scooter;Taxable;1;15;;Uncategorized;20250513_201955.jpg,20250513_201920.jpg
;;İNDİKSİYON BOBİNİ 125 + 150 CC SCOOTER ;1;1;visible;Uyumlu modeller : 125 + 150 CC Scooter;Uyumlu modeller : 125 + 150 CC Scooter;Taxable;;;;;20250513_202828.jpg,20250513_202845.jpg
;;İNDİKSİYON BOBİNİ YBR 125CC;1;1;visible;Uyumlu modeller : 125 + 150 CC Scooter + YBR 125CC ;Uyumlu modeller : 125 + 150 CC Scooter + YBR 125CC ;Taxable;;;;;20250513_203028.jpg,20250513_203050.jpg
;;GİDON ELCİK ALÜMİNYUM ;1;1;visible;Renkler : Sarı + Gri + Kırmızı + Siyah + Mavi;Renkler : Sarı + Gri + Kırmızı + Siyah + Mavi;Taxable;;;;;20250513_203250.jpg,20250513_203409.jpg
;;HAVA FİLTRESİ CYGNUS;1;1;visible;Uyumlu modeller : Cygnus 125;Uyumlu modeller : Cygnus 125;Taxable;;;;;20250514_133718.jpg,20250514_133737.jpg
Simple;;KAĞIT HAVA FİLTRESİ FURY 110;1;1;visible;HAVA FİLTRESİ;FURY 110 KAĞIT HAVA FİLTRESİ;Taxable;1;15;250;Uncategorized;20250621_133346.jpg,20250621_133727.jpg
Simple;;KAĞIT HAVA FİLTRESİ SPACY ALPHA;1;1;visible;KAĞIT HAVA FİLTEESİ;SPACY ALPHA KAĞIT HAVA FİLTRESİ;Taxable;1;15;350;Uncategorized;20250621_133736.jpg,20250621_134012.jpg,
Simple;;HAVA FİLTRE ELEMANI ACTIVA + RITMICA;1;1;visible;HAVA FİLTRE ELEMANI;UYUMLU MODELLER = ACTIVA + RITMICA;Taxable;1;15;400;Uncategorized;20250621_134017.jpg,20250621_134215.jpg,20250621_134227.jpg,
Simple;;HAVA FILTRE ELEMANI NT;1;1;visible;HAVA FİLTRE ELEMANI;UYUMLU MODELLER: NT;Taxable;1;15;450;Uncategorized;20250621_134231.jpg,20250621_134542.jpg,20250621_134554.jpg,
Simple;;:;1;1;visible;;;Taxable;1;15;;Uncategorized;20250621_134600.jpg,20250621_134732.jpg,20250621_134740.jpg,20250621_134748.jpg,20250621_134805.jpg,20250621_134815.jpg,
Simple;;MOTORSİKLET LASTIK YAZISI;1;1;visible;BAJAJ LASTIK YAZISI;BAJAJ LASTIK YAZISI;Taxable;1;15;300;Uncategorized;20250621_134823.jpg,20250621_135457.jpg,
Simple;;MOTORSİKLET GAZ SABİTLEYİCİ;1;1;visible;GAZ SABİTLEYİCİ;HER MOTORA UYUMLU GAZ SABİTLEYİCİ;Taxable;1;15;150;Uncategorized;20250621_135503.jpg,20250621_135503.jpg,
Simple;;ALARMLI DISK KILIDI;1;1;visible;DISK KILIDI ;110DB ALARMLI DISK KILIDI ;Taxable;1;15;300;Uncategorized;20250621_135615.jpg,20250621_135615.jpg,20250621_135823.jpg,
Simple;;MOTORSIKLET GAZ SABITLEYICI;1;1;visible;GAZ SABITLEYICI;MAVI RENK GAZ SABITLEYICI;Taxable;1;15;150;Uncategorized;20250621_135834.jpg,20250621_135940.jpg,
Simple;;BAĞLAMA HALATI;1;1;visible;BAĞLAMA HALATI;BAĞLAMA HALATI;Taxable;1;15;50;Uncategorized;20250621_135946.jpg,
Simple;;PLASTIK AĞIZLIKLI BALAKLAVA ;1;1;visible;SİYAH BALAKLAVA;SİYAH BALAKLAVA ;Taxable;1;15;500;Uncategorized;20250621_140039.jpg,
Simple;;KIRMIZI KURU KAFALI BANDANA;1;1;visible;KIRMIZI KURUKAFAI BANDANA;KIRMIZI KURUKAFALI BANDANA;Taxable;1;15;150;Uncategorized;20250621_140200.jpg,20250621_140512.jpg,
Simple;;;SIYAH KURUKAFA BANDANA;1;1;visible;SIYAH KURUKAFA BANDANA;SIYAH KURUKAFA BANDANA;Taxable;1;15;150;Uncategorized;20250621_143258.jpg,20250621_143258.jpg,20250621_143356.jpg,20250621_143356.jpg,
Simple;;;CG FAR EKLENTISI;1;1;visible;CG FAR EKLENTISI AY YILDIZ;CG FAR EKLENTISI AY YILDIZ;Taxable;1;15;120;Uncategorized;20250621_143414.jpg,20250621_143414.jpg,20250621_143414.jpg,20250621_143414.jpg,
Simple;;SIYAH DUZ BALAKLAVA;1;1;visible;DUZ SIYAH BALAKLAVA;DUZ SIYAH BALAKLAVA;Taxable;1;15;150;Uncategorized;20250621_143837.jpg,
Simple;;SARI ERKEK MOTORCU ELDIVENI;1;1;visible;MOTORCU ELDIVENI SARI ERKRK;MOTORCU ELDIVENI SARI ERKEK;Taxable;1;15;750;Uncategorized;20250621_143955.jpg,20250621_144114.jpg,
Simple;;SİYAH KORUMALI ERKEK MOTORCU ELDIVENI;1;1;visible;KORUMALI SIYAH RENK MOTORCU ELDIVENI;KORUMALI SIYAH RENK MOTORCU ELDIVENI;Taxable;1;15;750;Uncategorized;20250621_144119.jpg,20250621_144235.jpg,
Simple;;CG EGZOZ EKLENTISI YILDIZLI ;1;1;visible;YILDIZLI EGZOZ EKLENTISI ;YILDIZLI EGZOZ EKLENTISI;Taxable;1;15;120;Uncategorized;20250621_144242.jpg,20250621_144242.jpg,
Simple;;MOR MAVI RENK UNISEX ELDIVEN KORUMASIZ;1;1;visible;KORUMASIZ UNISEX MOR MAVI;KORUMASIZ UNISEX MOR MAVI ELDIVEN;Taxable;1;15;750;Uncategorized;20250621_144432.jpg,20250621_144529.jpg,
Simple;;ŞARJ EDILEBILIR LAMBA;1;1;visible;ŞARJ EDILEBILIR LAMBA ;ŞARJ EDILEBILIR 400 LM 3 MODLU FAR LAMBASI ;Taxable;1;15;800;Uncategorized;20250621_144537.jpg,
Simple;;;ŞARJ EDILEBILIR ARKA STOP LAMBASI ;1;1;visible;ŞARJ EDILEBILIR ARKA STOP LAMBASI ;ŞARJ EDILEBILIR ARKA STOP LAMBASI ;Taxable;1;15;600;Uncategorized;20250621_144729.jpg,20250621_144729.jpg,20250621_144729.jpg,20250621_144729.jpg,
Simple;;GÜNEŞTEN KORUYUCU KOLLUK;1;1;visible;FARKLI TURLERDE KOLLUK;FARKLI TURLERDE KOLLUK;Taxable;1;15;60;Uncategorized;20250621_145022.jpg,20250621_145159.jpg,
Simple;;GÜNEŞTEN KORUYUCU ÇORAP;1;1;visible;FARKLI RENKLERDE KORUYUCU ÇORAP;FARKLI RENKLERDE KORUYUCU ÇORAP;Taxable;1;15;100;Uncategorized;20250621_145220.jpg,20250621_145330.jpg,20250621_145330.jpg,20250621_145341.jpg,20250621_145341.jpg,20250621_145355.jpg,
Simple;;;UZAKTAN ÇALIŞTIRMA KITI 2 KUMANDALI;1;1;visible;UZAKTAN ÇALIŞTIRMA ALARM SISTEMI;UZAKTAN ÇALIŞTIRMA ALARM SISTEMI;Taxable;1;15;750;Uncategorized;20250621_145444.jpg,20250621_145444.jpg,20250621_145444.jpg,20250621_145444.jpg,20250621_145702.jpg,
Simple;;;KN MASTER AHTAPOT TELEFON TUTUCU;1;1;visible;360 DERECE AYARLAMALI AHTAPOT TELEFON TUTUCU ;360 DERECE AYARLAMALI AHTAPOT TELEFON TUTUCU ;Taxable;1;15;400;Uncategorized;20250621_145733.jpg,20250621_145733.jpg,20250621_145733.jpg,20250621_145733.jpg,20250621_145733.jpg,20250621_145733.jpg,20250621_145733.jpg,
Simple;;KN MASTER KN6100 BLUETOOTH INTERKOM SETI;1;1;visible;KN6100 INTERKOM SETI ;KN66200;Taxable;1;15;6200;Uncategorized;20250621_150238.jpg,20250621_150238.jpg,20250621_150238.jpg,20250621_150238.jpg,20250621_150238.jpg,20250621_150238.jpg,20250621_150735.jpg,20250621_150746.jpg,20250621_150746.jpg,20250621_150758.jpg,
Simple;;KN MASTER KN1200C BLUETOOTH INTERKOM SETI;1;1;visible;KNMASTER KN1200C ;KNMASTER KN1200C INTERKOM SETI;Taxable;1;15;8500;Uncategorized;20250621_150831.jpg,20250621_150953.jpg,20250621_151024.jpg,20250621_151032.jpg,
Simple;;KNMASTER KN2300 BLUEEOTH INTERKOM SETI;1;1;visible;KNMASTER 2300 INTERKOM SETI ;KNMASTER 2300 INTERKOM SETI;Taxable;1;15;3200;Uncategorized;20250621_151044.jpg,20250621_151044.jpg,20250621_151148.jpg,20250621_151157.jpg,
Simple;;KNMASTER KN4150 BLUETOOTH INTERKOM SETI;1;1;visible;KN4150 INTERKOM SETI ;KN4150 INTERKOM SETI ;Taxable;1;15;3000;Uncategorized;20250621_151205.jpg,20250621_151251.jpg,20250621_151307.jpg,
Simple;;KNMASTER KN2000 BLUETOOTH INTERKOM SETI ;1;1;visible;KN2000 BLUETOOTH INTERKOM SETI ;KN200 BLUETOOTH INTERKOM SETI ;Taxable;1;15;3000;Uncategorized;20250621_151352.jpg,20250621_151527.jpg,20250621_151537.jpg,
Simple;;KNMASTER KN2100 BLUETOOTH INTERKOM SETI ;1;1;visible;KNM2100 INTERKOM SETI;KN2100 INTERKOM SETI;Taxable;1;15;3000;Uncategorized;20250621_151620.jpg,20250621_151718.jpg,20250621_151727.jpg,
Simple;;:Şarj özellikli telefon tutucu;1;1;visible;Fermuarlı şarj özelliği olan telefon tutucu;Fermuarlı şarj özelliği olan telefon tutucu;Taxable;1;15;500;Uncategorized;20250624_144924.jpg,
Simple;;Şarj özellikli telefon tutucu;1;1;visible;Ayarlamalı şarj özelliği olan telefon tutucu;Ayarlamalı şarj özelliği olan telefon tutucu;Taxable;1;15;500;Uncategorized;20250624_144924.jpg,20250624_144924.jpg,20250624_144924.jpg,20250624_144924.jpg,20250624_144924.jpg,20250624_144924.jpg,20250624_144924.jpg,20250624_144924.jpg,20250624_144924.jpg,20250624_144924.jpg,20250624_144924.jpg,20250624_144924.jpg,20250624_145700.jpg,20250624_145700.jpg,20250624_145700.jpg,20250624_145753.jpg,20250624_145807.jpg,20250624_145815.jpg,
Simple;;Manet koruma;1;1;visible;Mavi-Turuncu-Sarı-Kırmızı renklerde manet koruma;Mavi-Turuncu-Sarı-Kırmızı renklerde manet koruma;Taxable;1;15;150;Uncategorized;20250624_145833.jpg,20250624_145941.jpg,20250624_145958.jpg,20250624_150041.jpg,20250624_150048.jpg,20250624_150056.jpg,20250624_150103.jpg,
Simple;;Buğu önleyici film koruma;1;1;visible;Buğu önleyici kask eklenti;Buğu önleyici kask eklenti;Taxable;1;15;300;Uncategorized;20250624_150110.jpg,20250624_150110.jpg,20250624_150110.jpg,20250624_150110.jpg,20250624_150500.jpg,20250624_150514.jpg,20250624_150514.jpg,20250624_150606.jpg,20250624_150642.jpg,20250624_150642.jpg,
Simple;;Monero Mp3 alarm sistemi ;1;1;visible;Motorlar için Mp3 alarm sistemi;1000;Taxable;1;15;1000;Uncategorized;20250624_150642.jpg,20250624_150642.jpg,20250624_150642.jpg,20250624_150642.jpg,20250624_150642.jpg,20250624_150642.jpg,20250624_150642.jpg,20250624_151302.jpg,
Simple;;Elektrikli Süper korna ;1;1;visible;Elektrikli süper korna;Elektrikli süper korna 12V 400Hz Low Tone 335Hz;Taxable;1;15;375;Uncategorized;20250624_151316.jpg,20250624_151525.jpg,20250624_151605.jpg,20250624_151626.jpg,20250624_151628.jpg,20250624_151628.jpg,
Simple;;Elektromanyetik deniz kabuğu korna;1;1;visible;Elektrikli korna;Elektrikli deniz kabuğu korna ;Taxable;1;15;500;Uncategorized;20250624_151643(0).jpg,20250624_151752.jpg,20250624_151804.jpg,
Simple;;Matrıx Motors Elektromanyetik deniz kabuğu korna ;1;1;visible;elektrikli korna;Elektrikli deniz kabuğu korna;Taxable;1;15;500;Uncategorized;20250624_151812.jpg,20250624_152020.jpg,20250624_152024.jpg,20250624_152034.jpg,
Simple;;Safe Ignition Çakmaklı Fener;1;1;visible;çakmaklı fener;3 Modlu, Çakmaklı fener;Taxable;1;15;100;Uncategorized;20250624_152039.jpg,20250624_152257.jpg,20250624_152304.jpg,
